id,c_index,date,email_id,product,type,vendor,document_preview
chunk-0,0,2025-03-21T12:15:07,b7ee1a94-249b-48a1-af7a-120744fb22cc,"Palo Alto Networks Certification, Palo Alto Networks Accreditation",support,paloaltonetworks,"Re: Automatic reply: Your Palo Alto Networks Certification/Accreditation Will Expire in Three (3) Months - Case TCKT0072381
Thank you for contacting the Education Services Support Team.  We have recei..."
chunk-1,1,2025-03-21T12:15:07,b7ee1a94-249b-48a1-af7a-120744fb22cc,"Palo Alto Networks Certification, Palo Alto Networks Accreditation",support,paloaltonetworks,"Regards,
Your Education Services Support Team"
chunk-2,2,2025-03-21T12:15:07,b7ee1a94-249b-48a1-af7a-120744fb22cc,"Palo Alto Networks Certification, Palo Alto Networks Accreditation",support,paloaltonetworks,[
chunk-3,3,2025-04-16T07:35:07,71fad3f9-4fa2-487a-94b9-2823a628fb88,"vault, terraform, boundary, consul, nomad, packer, waypoint, sentinel, terraform cloud","announcement, event, product update, webinar, whitepaper",hashicorp,".....
Terraliths: Breaking up is hard to do – This interview with Matt Gowie of MasterPoint includes advice on how to break up monoliths in your Terraform code while also exploring the nuances of stat..."
chunk-4,4,2025-04-16T07:35:07,71fad3f9-4fa2-487a-94b9-2823a628fb88,"vault, terraform, boundary, consul, nomad, packer, waypoint, sentinel, terraform cloud","announcement, event, product update, webinar, whitepaper",hashicorp,".....
He’s worked at Netflix, Apple, Amazon, and now… – This episode of The Programming Podcast features Robbie Wagner — an Ember core team member and new engineer at HashiCorp. Listen to his journey ..."
chunk-5,5,2025-04-16T07:35:07,71fad3f9-4fa2-487a-94b9-2823a628fb88,"vault, terraform, boundary, consul, nomad, packer, waypoint, sentinel, terraform cloud","announcement, event, product update, webinar, whitepaper",hashicorp,".....
AI engineering in the real world – What do tech stacks, challenges, strategies, and final products look like for AI engineers building apps that use large language models (LLMs)? This deep dive ..."
chunk-6,6,2025-04-16T07:35:07,71fad3f9-4fa2-487a-94b9-2823a628fb88,"vault, terraform, boundary, consul, nomad, packer, waypoint, sentinel, terraform cloud","announcement, event, product update, webinar, whitepaper",hashicorp,".....
Migrate Terraform state locking from DynamoDB to S3 – With DynamoDB-based locking now deprecated in newer versions of Terraform, learn how to migrate your state locking setup to Amazon S3. by LU..."
chunk-7,7,2025-04-16T07:35:07,71fad3f9-4fa2-487a-94b9-2823a628fb88,"vault, terraform, boundary, consul, nomad, packer, waypoint, sentinel, terraform cloud","announcement, event, product update, webinar, whitepaper",hashicorp,".....
Public secrets exposure leads to supply chain attack on GitHub CodeQL –Even a company with as much engineering prowess as GitHub is not immune to secret exposure. Learn more about this supply ch..."
chunk-8,8,2025-04-16T07:35:07,71fad3f9-4fa2-487a-94b9-2823a628fb88,"vault, terraform, boundary, consul, nomad, packer, waypoint, sentinel, terraform cloud","announcement, event, product update, webinar, whitepaper",hashicorp,"Case study | The great migration: How Helvetia moved 200 apps to the cloud in one year

Find out how Helvetia Insurance Group used HashiCorp Terraform to migrate 200 applications in one year with auto..."
chunk-9,9,2025-04-16T07:35:07,71fad3f9-4fa2-487a-94b9-2823a628fb88,"vault, terraform, boundary, consul, nomad, packer, waypoint, sentinel, terraform cloud","announcement, event, product update, webinar, whitepaper",hashicorp,"FROM HASHICORP
Protect data privacy in Amazon Bedrock with Vault – Learn how to create an Amazon Bedrock Knowledge Base with Terraform and ingest sensitive data encrypted by Vault transit secrets engi..."
chunk-10,10,2025-04-16T07:35:07,71fad3f9-4fa2-487a-94b9-2823a628fb88,"vault, terraform, boundary, consul, nomad, packer, waypoint, sentinel, terraform cloud","announcement, event, product update, webinar, whitepaper",hashicorp,".....
Disaster recovery strategies with Terraform – Terraform is in a unique position to not only quickly re-create infrastructure in the case of an outage, but also create sandboxed, ephemeral infras..."
chunk-11,11,2025-04-16T07:35:07,71fad3f9-4fa2-487a-94b9-2823a628fb88,"vault, terraform, boundary, consul, nomad, packer, waypoint, sentinel, terraform cloud","announcement, event, product update, webinar, whitepaper",hashicorp,".....
Preventative beats reactive: Modern risk management for infrastructure vulnerabilities – Struggling to address vulnerabilities in infrastructure? Learn how preventing them in the first place and..."
chunk-12,12,2025-04-16T07:35:07,71fad3f9-4fa2-487a-94b9-2823a628fb88,"vault, terraform, boundary, consul, nomad, packer, waypoint, sentinel, terraform cloud","announcement, event, product update, webinar, whitepaper",hashicorp,".....
Ace your Terraform Professional exam: 5 tips from certified pros – The Terraform Authoring and Ops Pro exam is a great way to showcase your advanced Terraform expertise. But where do you start w..."
chunk-13,13,2025-04-16T07:35:07,71fad3f9-4fa2-487a-94b9-2823a628fb88,"vault, terraform, boundary, consul, nomad, packer, waypoint, sentinel, terraform cloud","announcement, event, product update, webinar, whitepaper",hashicorp,".....
Deploying Azure landing zones with Terraform Stacks – Looking for more examples of how to use Terraform Stacks? This HashiTalks session shows how you can adapt the Azure Landing Zone module with..."
chunk-14,14,2025-04-16T07:35:07,71fad3f9-4fa2-487a-94b9-2823a628fb88,"vault, terraform, boundary, consul, nomad, packer, waypoint, sentinel, terraform cloud","announcement, event, product update, webinar, whitepaper",hashicorp,".....
HashiTalks 2025 video playlist – Watch all of our HashiTalks 2025 recordings from our annual online community conference. by HASHICORP COMMUNITY
.....
[red_apple_emoji.png]"
chunk-15,15,2025-04-16T07:35:07,71fad3f9-4fa2-487a-94b9-2823a628fb88,"vault, terraform, boundary, consul, nomad, packer, waypoint, sentinel, terraform cloud","announcement, event, product update, webinar, whitepaper",hashicorp,"ATTEND A WEBINAR
Vault quickstart virtual hands-on workshop
Wednesday, May 7 — Sign up for this hands-on session to learn how to secure applications, manage identities, and protect sensitive data with..."
chunk-16,16,2025-04-16T07:35:07,71fad3f9-4fa2-487a-94b9-2823a628fb88,"vault, terraform, boundary, consul, nomad, packer, waypoint, sentinel, terraform cloud","announcement, event, product update, webinar, whitepaper",hashicorp,[https://go.hashicorp.com/rs/845-ZLF-191/images/spiral_calendar_pad_emoji.png]
chunk-17,17,2025-04-16T07:35:07,71fad3f9-4fa2-487a-94b9-2823a628fb88,"vault, terraform, boundary, consul, nomad, packer, waypoint, sentinel, terraform cloud","announcement, event, product update, webinar, whitepaper",hashicorp,"EVENTS
HashiTalks: Italia
Thursday, May 8 — Join us for the first edition of this free, virtual event for the HashiCorp community in Italy. Talks during this event will be delivered in Italian.
HashiT..."
chunk-18,18,2025-04-16T07:35:07,71fad3f9-4fa2-487a-94b9-2823a628fb88,"vault, terraform, boundary, consul, nomad, packer, waypoint, sentinel, terraform cloud","announcement, event, product update, webinar, whitepaper",hashicorp,"HashiDays
June 3 ( London ) July 22 ( Singapore )  — Registration for HashiDays Singapore is now open! Join us there on July 22 or in London on June 3 for HashiCorp’s regional community conference on ..."
chunk-19,19,2025-04-16T07:35:07,71fad3f9-4fa2-487a-94b9-2823a628fb88,"vault, terraform, boundary, consul, nomad, packer, waypoint, sentinel, terraform cloud","announcement, event, product update, webinar, whitepaper",hashicorp,We have positions to fill across many departments. HashiCorp is remote-friendly and hiring for many open positions worldwide. We’ve been certified by the Great Place to Work Trust Index survey and are...
