relationship_type,source_type,source_name,target_type,target_name,properties
ABOUT,Email,77fab061-2be4-44de-8f64-4b9f6bd5c587,Product,vault,{}
ABOUT,Email,77fab061-2be4-44de-8f64-4b9f6bd5c587,Product,terraform,{}
ABOUT,Email,77fab061-2be4-44de-8f64-4b9f6bd5c587,Product,boundary,{}
ABOUT,Email,77fab061-2be4-44de-8f64-4b9f6bd5c587,Product,consul,{}
ABOUT,Email,77fab061-2be4-44de-8f64-4b9f6bd5c587,Product,nomad,{}
ABOUT,Email,77fab061-2be4-44de-8f64-4b9f6bd5c587,Product,packer,{}
ABOUT,Email,77fab061-2be4-44de-8f64-4b9f6bd5c587,Product,waypoint,{}
ABOUT,Email,77fab061-2be4-44de-8f64-4b9f6bd5c587,Product,sentinel,{}
ABOUT,Email,77fab061-2be4-44de-8f64-4b9f6bd5c587,Product,terraform cloud,{}
ABOUT,Email,3b19f490-9007-4552-a668-7f0cc479bbbe,Product,hcp,{}
ABOUT,Email,3b19f490-9007-4552-a668-7f0cc479bbbe,Product,terraform,{}
ABOUT,Email,3b19f490-9007-4552-a668-7f0cc479bbbe,Product,prisma cloud,{}
ABOUT,Email,3b19f490-9007-4552-a668-7f0cc479bbbe,Product,checkov,{}
ABOUT,Email,bd959aae-901d-40f7-9d2f-8465b2a69ca9,Product,VMware Cloud Foundation,{}
ABOUT,Email,f89339af-7dce-4a6d-b281-9f45b7eef3c5,Product,terraform,{}
ABOUT,Email,f89339af-7dce-4a6d-b281-9f45b7eef3c5,Product,vault,{}
ABOUT,Email,f89339af-7dce-4a6d-b281-9f45b7eef3c5,Product,consul,{}
ABOUT,Email,f89339af-7dce-4a6d-b281-9f45b7eef3c5,Product,nomad,{}
ABOUT,Email,f89339af-7dce-4a6d-b281-9f45b7eef3c5,Product,packer,{}
ABOUT,Email,f89339af-7dce-4a6d-b281-9f45b7eef3c5,Product,boundary,{}
ABOUT,Email,f89339af-7dce-4a6d-b281-9f45b7eef3c5,Product,sentinel,{}
ABOUT,Email,f89339af-7dce-4a6d-b281-9f45b7eef3c5,Product,terraform cloud,{}
ABOUT,Email,a03ac7f3-5952-4189-afcb-86ca1985b978,Product,AI Annual Plan,{}
ABOUT,Email,a03ac7f3-5952-4189-afcb-86ca1985b978,Product,Pro Annual Plan,{}
ABOUT,Email,a03ac7f3-5952-4189-afcb-86ca1985b978,Product,Standard Annual Plan,{}
ABOUT,Email,2686f5aa-6a6c-4f26-ba5f-baea3b786908,Product,vault,{}
ABOUT,Email,2686f5aa-6a6c-4f26-ba5f-baea3b786908,Product,terraform,{}
ABOUT,Email,2686f5aa-6a6c-4f26-ba5f-baea3b786908,Product,waypoint,{}
ABOUT,Email,9515d2ce-f0dc-45a7-94fa-d7f9970687b2,Product,Lucidscale,{}
ABOUT,Email,1c3ca80e-ae39-4180-b664-488dd58dc056,Product,Exasol,{}
ABOUT,Email,61677e23-b3ed-43da-b527-e92c44009ace,Product,Luma,{}
ABOUT,Email,3f91315c-09e3-44a4-ac6c-673eae19a3d3,Product,Red Hat,{}
ABOUT,Email,db28de2e-44c7-45f6-9555-56a3c0380c81,Product,hcp,{}
ABOUT,Email,db28de2e-44c7-45f6-9555-56a3c0380c81,Product,terraform,{}
ABOUT,Email,db28de2e-44c7-45f6-9555-56a3c0380c81,Product,packer,{}
ABOUT,Email,ecd606bc-91c3-4bb9-adba-fbda9dbfcbdd,Product,Prisma Certified Cloud Security Engineer,{}
ABOUT,Email,366c9fc3-9378-462f-b919-415f75071f14,Product,Prisma Certified Cloud Security Engineer,{}
ABOUT,Email,a4d3e67e-29af-4a4a-8413-d06f03df5d4e,Product,Route 53,{}
ABOUT,Email,00cddfc2-1e5f-4b7f-90ec-44c74a373ea0,Product,vault,{}
ABOUT,Email,00cddfc2-1e5f-4b7f-90ec-44c74a373ea0,Product,boundary,{}
ABOUT,Email,00cddfc2-1e5f-4b7f-90ec-44c74a373ea0,Product,terraform,{}
ABOUT,Email,00cddfc2-1e5f-4b7f-90ec-44c74a373ea0,Product,waypoint,{}
ABOUT,Email,00cddfc2-1e5f-4b7f-90ec-44c74a373ea0,Product,consul,{}
ABOUT,Email,00cddfc2-1e5f-4b7f-90ec-44c74a373ea0,Product,sentinel,{}
ABOUT,Email,00cddfc2-1e5f-4b7f-90ec-44c74a373ea0,Product,terraform cloud,{}
ABOUT,Email,b67d006d-1022-46c4-a624-93fabd9a1744,Product,Carrefour,{}
ABOUT,Email,b67d006d-1022-46c4-a624-93fabd9a1744,Product,Story,{}
ABOUT,Email,b67d006d-1022-46c4-a624-93fabd9a1744,Product,GOLF&CO,{}
ABOUT,Email,b67d006d-1022-46c4-a624-93fabd9a1744,Product,PRO²,{}
ABOUT,Email,4206f8ec-b980-459c-a499-d74f8b1f2ced,Product,Pluralsight Skills,{}
ABOUT,Email,295c84b6-aef7-4344-97dc-d529360be330,Product,vault,{}
ABOUT,Email,295c84b6-aef7-4344-97dc-d529360be330,Product,terraform,{}
ABOUT,Email,295c84b6-aef7-4344-97dc-d529360be330,Product,consul,{}
ABOUT,Email,295c84b6-aef7-4344-97dc-d529360be330,Product,nomad,{}
ABOUT,Email,295c84b6-aef7-4344-97dc-d529360be330,Product,packer,{}
ABOUT,Email,609a4e2d-4cfe-49d2-873c-15d755e52515,Product,vault,{}
ABOUT,Email,609a4e2d-4cfe-49d2-873c-15d755e52515,Product,terraform,{}
ABOUT,Email,609a4e2d-4cfe-49d2-873c-15d755e52515,Product,nomad,{}
ABOUT,Email,609a4e2d-4cfe-49d2-873c-15d755e52515,Product,consul,{}
ABOUT,Email,609a4e2d-4cfe-49d2-873c-15d755e52515,Product,packer,{}
ABOUT,Email,b7ee1a94-249b-48a1-af7a-120744fb22cc,Product,Palo Alto Networks Certification,{}
ABOUT,Email,b7ee1a94-249b-48a1-af7a-120744fb22cc,Product,Palo Alto Networks Accreditation,{}
ABOUT,Email,71fad3f9-4fa2-487a-94b9-2823a628fb88,Product,vault,{}
ABOUT,Email,71fad3f9-4fa2-487a-94b9-2823a628fb88,Product,terraform,{}
ABOUT,Email,71fad3f9-4fa2-487a-94b9-2823a628fb88,Product,boundary,{}
ABOUT,Email,71fad3f9-4fa2-487a-94b9-2823a628fb88,Product,consul,{}
ABOUT,Email,71fad3f9-4fa2-487a-94b9-2823a628fb88,Product,nomad,{}
ABOUT,Email,71fad3f9-4fa2-487a-94b9-2823a628fb88,Product,packer,{}
ABOUT,Email,71fad3f9-4fa2-487a-94b9-2823a628fb88,Product,waypoint,{}
ABOUT,Email,71fad3f9-4fa2-487a-94b9-2823a628fb88,Product,sentinel,{}
ABOUT,Email,71fad3f9-4fa2-487a-94b9-2823a628fb88,Product,terraform cloud,{}
ABOUT,Email,d7ba5b35-cc38-4abe-9468-41f4ee70105d,Product,Gemini 2.5,{}
ABOUT,Email,d7ba5b35-cc38-4abe-9468-41f4ee70105d,Product,Gemma 3,{}
ABOUT,Email,3118c3c4-9412-414b-a326-7260ed677e85,Product,Cortex XDR Agent,{}
ABOUT,Email,0776fcc9-d2c9-4245-ac0a-ea56872332ce,Product,Cortex XDR Agent,{}
ABOUT,Email,26195df6-12eb-4331-b702-ad674207b0a1,Product,Cortex,{}
ABOUT,Email,26195df6-12eb-4331-b702-ad674207b0a1,Product,Prisma Cloud,{}
ABOUT,Email,26195df6-12eb-4331-b702-ad674207b0a1,Product,SASE,{}
ABOUT,Email,a29d3a01-5c57-42dd-84db-e07b5a71f3f8,Product,hcp,{}
ABOUT,Email,a29d3a01-5c57-42dd-84db-e07b5a71f3f8,Product,vault,{}
ABOUT,Email,a29d3a01-5c57-42dd-84db-e07b5a71f3f8,Product,radar,{}
ABOUT,Email,711a9d12-60b3-48f0-ba62-2462ad93f886,Product,Vault Enterprise,{}
ABOUT,Email,711a9d12-60b3-48f0-ba62-2462ad93f886,Product,Terraform,{}
ABOUT,Email,b585b13e-dfc2-4a67-801b-f6b64b5a2636,Product,DELL,{}
ABOUT,Email,24c895f8-62df-4da6-9987-7b1907579459,Product,Amazon Bedrock,{}
ABOUT,Email,24c895f8-62df-4da6-9987-7b1907579459,Product,Amazon SageMaker,{}
ABOUT,Email,24c895f8-62df-4da6-9987-7b1907579459,Product,Amazon Q,{}
ABOUT,Email,e5ebc8b3-7c5d-4bcd-b1a6-fa9e067fdc33,Product,vault,{}
ABOUT,Email,1a83c0cc-dc94-40c2-9728-f09a3953fd3f,Product,hcp,{}
ABOUT,Email,1a83c0cc-dc94-40c2-9728-f09a3953fd3f,Product,flex,{}
ABOUT,Email,4adfb7b3-e3ed-49a1-8c7c-8567e67efae2,Product,hcp,{}
ABOUT,Email,4adfb7b3-e3ed-49a1-8c7c-8567e67efae2,Product,vault,{}
ABOUT,Email,4adfb7b3-e3ed-49a1-8c7c-8567e67efae2,Product,terraform,{}
ABOUT,Email,4adfb7b3-e3ed-49a1-8c7c-8567e67efae2,Product,boundary,{}
ABOUT,Email,4adfb7b3-e3ed-49a1-8c7c-8567e67efae2,Product,packer,{}
ABOUT,Email,0d9fbfd8-7081-45c1-a9db-4d268bf84356,Product,Cellebrite,{}
ABOUT,Email,a7fdfcf2-0f8d-4324-a5ae-202c5e7574f9,Product,hcp vault radar,{}
ABOUT,Email,a7fdfcf2-0f8d-4324-a5ae-202c5e7574f9,Product,vault,{}
ABOUT,Email,b0e3c1f8-23db-4bdc-9977-b83fede21b72,Product,Teleport,{}
ABOUT,Email,bc53d422-8d90-45da-8a5c-9f30d74d9179,Product,vault,{}
ABOUT,Email,bc53d422-8d90-45da-8a5c-9f30d74d9179,Product,terraform,{}
ABOUT,Email,bc53d422-8d90-45da-8a5c-9f30d74d9179,Product,consul,{}
ABOUT,Email,bc53d422-8d90-45da-8a5c-9f30d74d9179,Product,nomad,{}
ABOUT,Email,bc53d422-8d90-45da-8a5c-9f30d74d9179,Product,packer,{}
ABOUT,Email,a95714e6-38c8-41aa-ad0b-fb536518f3ff,Product,Teleport,{}
ABOUT,Email,62628a8c-9b95-4c80-a5a6-9adcdb15804b,Product,AWS Summit Tel Aviv 2025,{}
ABOUT,Email,7f42f990-b5c6-41ff-a237-5e45e8a4ef65,Product,terraform,{}
ABOUT,Email,7f42f990-b5c6-41ff-a237-5e45e8a4ef65,Product,vault,{}
ABOUT,Email,7f42f990-b5c6-41ff-a237-5e45e8a4ef65,Product,consul,{}
ABOUT,Email,7f42f990-b5c6-41ff-a237-5e45e8a4ef65,Product,nomad,{}
ABOUT,Email,7f42f990-b5c6-41ff-a237-5e45e8a4ef65,Product,packer,{}
ABOUT,Email,7f42f990-b5c6-41ff-a237-5e45e8a4ef65,Product,boundary,{}
ABOUT,Email,7f42f990-b5c6-41ff-a237-5e45e8a4ef65,Product,sentinel,{}
ABOUT,Email,7f42f990-b5c6-41ff-a237-5e45e8a4ef65,Product,terraform cloud,{}
ABOUT,Email,18a21c61-df81-4b06-9f66-87e9ed96eafb,Product,Prompt Security,{}
ABOUT,Email,21324192-a5cd-4701-9b3a-2a1bce004170,Product,Exasol,{}
FROM,Email,77fab061-2be4-44de-8f64-4b9f6bd5c587,Vendor,hashicorp,{}
FROM,Email,3b19f490-9007-4552-a668-7f0cc479bbbe,Vendor,hashicorp,{}
FROM,Email,bd959aae-901d-40f7-9d2f-8465b2a69ca9,Vendor,broadcom,{}
FROM,Email,f89339af-7dce-4a6d-b281-9f45b7eef3c5,Vendor,hashicorp,{}
FROM,Email,a03ac7f3-5952-4189-afcb-86ca1985b978,Vendor,kodekloud,{}
FROM,Email,2686f5aa-6a6c-4f26-ba5f-baea3b786908,Vendor,hashicorp,{}
FROM,Email,9515d2ce-f0dc-45a7-94fa-d7f9970687b2,Vendor,lucidchart,{}
FROM,Email,1c3ca80e-ae39-4180-b664-488dd58dc056,Vendor,exasol,{}
FROM,Email,61677e23-b3ed-43da-b527-e92c44009ace,Vendor,luma-mail,{}
FROM,Email,3f91315c-09e3-44a4-ac6c-673eae19a3d3,Vendor,redhat,{}
FROM,Email,db28de2e-44c7-45f6-9555-56a3c0380c81,Vendor,hashicorp,{}
FROM,Email,ecd606bc-91c3-4bb9-adba-fbda9dbfcbdd,Vendor,paloaltonetworks,{}
FROM,Email,366c9fc3-9378-462f-b919-415f75071f14,Vendor,paloaltonetworks,{}
FROM,Email,a4d3e67e-29af-4a4a-8413-d06f03df5d4e,Vendor,amazon,{}
FROM,Email,00cddfc2-1e5f-4b7f-90ec-44c74a373ea0,Vendor,hashicorp,{}
FROM,Email,b67d006d-1022-46c4-a624-93fabd9a1744,Vendor,htzone,{}
FROM,Email,4206f8ec-b980-459c-a499-d74f8b1f2ced,Vendor,pluralsightskills,{}
FROM,Email,295c84b6-aef7-4344-97dc-d529360be330,Vendor,hashicorp,{}
FROM,Email,609a4e2d-4cfe-49d2-873c-15d755e52515,Vendor,hashicorp,{}
FROM,Email,b7ee1a94-249b-48a1-af7a-120744fb22cc,Vendor,paloaltonetworks,{}
FROM,Email,71fad3f9-4fa2-487a-94b9-2823a628fb88,Vendor,hashicorp,{}
FROM,Email,d7ba5b35-cc38-4abe-9468-41f4ee70105d,Vendor,google,{}
FROM,Email,3118c3c4-9412-414b-a326-7260ed677e85,Vendor,paloaltonetworks,{}
FROM,Email,0776fcc9-d2c9-4245-ac0a-ea56872332ce,Vendor,paloaltonetworks,{}
FROM,Email,26195df6-12eb-4331-b702-ad674207b0a1,Vendor,paloaltonetworks,{}
FROM,Email,a29d3a01-5c57-42dd-84db-e07b5a71f3f8,Vendor,hashicorp,{}
FROM,Email,711a9d12-60b3-48f0-ba62-2462ad93f886,Vendor,terasky,{}
FROM,Email,b585b13e-dfc2-4a67-801b-f6b64b5a2636,Vendor,dell,{}
FROM,Email,24c895f8-62df-4da6-9987-7b1907579459,Vendor,amazon,{}
FROM,Email,e5ebc8b3-7c5d-4bcd-b1a6-fa9e067fdc33,Vendor,hashicorp,{}
FROM,Email,1a83c0cc-dc94-40c2-9728-f09a3953fd3f,Vendor,hashicorp,{}
FROM,Email,4adfb7b3-e3ed-49a1-8c7c-8567e67efae2,Vendor,hashicorp,{}
FROM,Email,0d9fbfd8-7081-45c1-a9db-4d268bf84356,Vendor,cellebrite,{}
FROM,Email,a7fdfcf2-0f8d-4324-a5ae-202c5e7574f9,Vendor,hashicorp,{}
FROM,Email,b0e3c1f8-23db-4bdc-9977-b83fede21b72,Vendor,goteleport,{}
FROM,Email,bc53d422-8d90-45da-8a5c-9f30d74d9179,Vendor,hashicorp,{}
FROM,Email,a95714e6-38c8-41aa-ad0b-fb536518f3ff,Vendor,goteleport,{}
FROM,Email,62628a8c-9b95-4c80-a5a6-9adcdb15804b,Vendor,amazon,{}
FROM,Email,7f42f990-b5c6-41ff-a237-5e45e8a4ef65,Vendor,hashicorp,{}
FROM,Email,18a21c61-df81-4b06-9f66-87e9ed96eafb,Vendor,prompt,{}
FROM,Email,21324192-a5cd-4701-9b3a-2a1bce004170,Vendor,exasol,{}
OFFERS,Vendor,hashicorp,Product,vault,"{""confidence"": ""high""}"
OFFERS,Vendor,hashicorp,Product,terraform,"{""confidence"": ""high""}"
OFFERS,Vendor,hashicorp,Product,boundary,"{""confidence"": ""high""}"
OFFERS,Vendor,hashicorp,Product,consul,"{""confidence"": ""high""}"
OFFERS,Vendor,hashicorp,Product,nomad,"{""confidence"": ""high""}"
OFFERS,Vendor,hashicorp,Product,packer,"{""confidence"": ""high""}"
OFFERS,Vendor,hashicorp,Product,waypoint,"{""confidence"": ""high""}"
OFFERS,Vendor,hashicorp,Product,sentinel,"{""confidence"": ""high""}"
OFFERS,Vendor,hashicorp,Product,terraform cloud,"{""confidence"": ""high""}"
OFFERS,Vendor,hashicorp,Product,hcp,"{""confidence"": ""high""}"
