node_type,properties
Email,"{""date"": ""2025-05-01T12:12:35"", ""id"": ""a29d3a01-5c57-42dd-84db-e07b5a71f3f8"", ""type"": [""webinar"", ""product update""]}"
Email,"{""date"": ""2025-03-12T12:59:31"", ""id"": ""711a9d12-60b3-48f0-ba62-2462ad93f886"", ""type"": [""product update""]}"
Email,"{""date"": ""2025-06-08T10:21:31"", ""id"": ""b585b13e-dfc2-4a67-801b-f6b64b5a2636"", ""type"": [""promo""]}"
Email,"{""date"": ""2025-05-21T15:08:26"", ""id"": ""24c895f8-62df-4da6-9987-7b1907579459"", ""type"": [""event"", ""webinar""]}"
Email,"{""date"": ""2024-10-09T09:36:34"", ""id"": ""e5ebc8b3-7c5d-4bcd-b1a6-fa9e067fdc33"", ""type"": [""announcement"", ""product update""]}"
Email,"{""date"": ""2025-05-02T12:15:40"", ""id"": ""1a83c0cc-dc94-40c2-9728-f09a3953fd3f"", ""type"": [""announcement"", ""product update""]}"
Email,"{""date"": ""2025-04-04T08:30:49"", ""id"": ""4adfb7b3-e3ed-49a1-8c7c-8567e67efae2"", ""type"": [""announcement"", ""product update""]}"
Email,"{""date"": ""2025-04-23T09:58:29"", ""id"": ""0d9fbfd8-7081-45c1-a9db-4d268bf84356"", ""type"": [""announcement""]}"
Email,"{""date"": ""2025-04-30T12:40:37"", ""id"": ""a7fdfcf2-0f8d-4324-a5ae-202c5e7574f9"", ""type"": [""announcement"", ""product update""]}"
Email,"{""date"": ""2025-05-27T01:45:12"", ""id"": ""b0e3c1f8-23db-4bdc-9977-b83fede21b72"", ""type"": [""announcement"", ""product update""]}"
Email,"{""date"": ""2025-02-27T13:15:51"", ""id"": ""bc53d422-8d90-45da-8a5c-9f30d74d9179"", ""type"": [""announcement"", ""product update""]}"
Email,"{""date"": ""2025-06-03T00:30:46"", ""id"": ""a95714e6-38c8-41aa-ad0b-fb536518f3ff"", ""type"": [""announcement"", ""webinar"", ""product update""]}"
Email,"{""date"": ""2025-05-27T05:01:37"", ""id"": ""62628a8c-9b95-4c80-a5a6-9adcdb15804b"", ""type"": [""event"", ""announcement""]}"
Email,"{""date"": ""2024-12-10T07:33:23"", ""id"": ""7f42f990-b5c6-41ff-a237-5e45e8a4ef65"", ""type"": [""announcement"", ""product update"", ""webinar""]}"
Email,"{""date"": ""2025-05-25T10:05:42"", ""id"": ""18a21c61-df81-4b06-9f66-87e9ed96eafb"", ""type"": [""support""]}"
Email,"{""date"": ""2025-05-28T08:12:47"", ""id"": ""21324192-a5cd-4701-9b3a-2a1bce004170"", ""type"": [""product update"", ""announcement""]}"
Email,"{""date"": ""2024-11-13T07:38:04"", ""id"": ""77fab061-2be4-44de-8f64-4b9f6bd5c587"", ""type"": [""event"", ""webinar"", ""announcement"", ""product update""]}"
Email,"{""date"": ""2025-05-27T12:34:01"", ""id"": ""3b19f490-9007-4552-a668-7f0cc479bbbe"", ""type"": [""event"", ""webinar""]}"
Email,"{""date"": ""2025-06-11T12:02:09"", ""id"": ""bd959aae-901d-40f7-9d2f-8465b2a69ca9"", ""type"": [""event"", ""webinar""]}"
Email,"{""date"": ""2024-12-11T07:35:02"", ""id"": ""f89339af-7dce-4a6d-b281-9f45b7eef3c5"", ""type"": [""announcement"", ""product update"", ""webinar""]}"
Email,"{""date"": ""2025-05-27T16:08:10"", ""id"": ""a03ac7f3-5952-4189-afcb-86ca1985b978"", ""type"": [""promo"", ""event""]}"
Email,"{""date"": ""2025-03-12T07:34:34"", ""id"": ""2686f5aa-6a6c-4f26-ba5f-baea3b786908"", ""type"": [""announcement"", ""product update"", ""webinar""]}"
Email,"{""date"": ""2025-03-12T02:50:46"", ""id"": ""9515d2ce-f0dc-45a7-94fa-d7f9970687b2"", ""type"": [""support"", ""product update""]}"
Email,"{""date"": ""2025-05-26T15:58:07"", ""id"": ""1c3ca80e-ae39-4180-b664-488dd58dc056"", ""type"": [""webinar"", ""whitepaper""]}"
Email,"{""date"": ""2025-05-25T13:31:24"", ""id"": ""61677e23-b3ed-43da-b527-e92c44009ace"", ""type"": [""event"", ""announcement""]}"
Email,"{""date"": ""2025-05-23T00:40:57"", ""id"": ""3f91315c-09e3-44a4-ac6c-673eae19a3d3"", ""type"": [""event""]}"
Email,"{""date"": ""2025-02-12T10:33:17"", ""id"": ""db28de2e-44c7-45f6-9555-56a3c0380c81"", ""type"": [""event"", ""vulnerability"", ""patch"", ""maintenance""]}"
Email,"{""date"": ""2025-05-21T19:11:58"", ""id"": ""ecd606bc-91c3-4bb9-adba-fbda9dbfcbdd"", ""type"": [""announcement"", ""product update""]}"
Email,"{""date"": ""2025-03-21T19:12:52"", ""id"": ""366c9fc3-9378-462f-b919-415f75071f14"", ""type"": [""announcement"", ""product update""]}"
Email,"{""date"": ""2025-05-27T23:42:22"", ""id"": ""a4d3e67e-29af-4a4a-8413-d06f03df5d4e"", ""type"": [""announcement""]}"
Email,"{""date"": ""2025-06-05T11:09:22"", ""id"": ""00cddfc2-1e5f-4b7f-90ec-44c74a373ea0"", ""type"": [""announcement"", ""product update""]}"
Email,"{""date"": ""2025-05-25T01:07:12"", ""id"": ""b67d006d-1022-46c4-a624-93fabd9a1744"", ""type"": [""promo""]}"
Email,"{""date"": ""2025-05-28T13:04:22"", ""id"": ""4206f8ec-b980-459c-a499-d74f8b1f2ced"", ""type"": [""promo""]}"
Email,"{""date"": ""2025-03-21T12:15:07"", ""id"": ""b7ee1a94-249b-48a1-af7a-120744fb22cc"", ""type"": [""support""]}"
Email,"{""date"": ""2025-05-22T10:36:40"", ""id"": ""295c84b6-aef7-4344-97dc-d529360be330"", ""type"": [""event"", ""promo""]}"
Email,"{""date"": ""2025-05-14T07:34:56"", ""id"": ""609a4e2d-4cfe-49d2-873c-15d755e52515"", ""type"": [""promo"", ""webinar"", ""announcement"", ""product update""]}"
Email,"{""date"": ""2025-04-16T07:35:07"", ""id"": ""71fad3f9-4fa2-487a-94b9-2823a628fb88"", ""type"": [""announcement"", ""event"", ""product update"", ""webinar"", ""whitepaper""]}"
Email,"{""date"": ""2025-05-19T09:28:16"", ""id"": ""d7ba5b35-cc38-4abe-9468-41f4ee70105d"", ""type"": [""event"", ""webinar""]}"
Email,"{""date"": ""2025-05-28T05:32:10"", ""id"": ""3118c3c4-9412-414b-a326-7260ed677e85"", ""type"": [""product update"", ""announcement""]}"
Email,"{""date"": ""2025-06-04T06:40:02"", ""id"": ""0776fcc9-d2c9-4245-ac0a-ea56872332ce"", ""type"": [""product update"", ""announcement""]}"
Email,"{""date"": ""2025-04-15T13:02:28"", ""id"": ""26195df6-12eb-4331-b702-ad674207b0a1"", ""type"": [""promo"", ""product update""]}"
Product,"{""name"": ""SASE""}"
Product,"{""name"": ""hcp""}"
Product,"{""name"": ""radar""}"
Product,"{""name"": ""Vault Enterprise""}"
Product,"{""name"": ""Terraform""}"
Product,"{""name"": ""DELL""}"
Product,"{""name"": ""Amazon Bedrock""}"
Product,"{""name"": ""Amazon SageMaker""}"
Product,"{""name"": ""Amazon Q""}"
Product,"{""name"": ""flex""}"
Product,"{""name"": ""Cellebrite""}"
Product,"{""name"": ""hcp vault radar""}"
Product,"{""name"": ""Teleport""}"
Product,"{""name"": ""AWS Summit Tel Aviv 2025""}"
Product,"{""name"": ""Prompt Security""}"
Product,"{""name"": ""Exasol""}"
Product,"{""name"": ""prisma cloud""}"
Product,"{""name"": ""checkov""}"
Product,"{""name"": ""VMware Cloud Foundation""}"
Product,"{""name"": ""AI Annual Plan""}"
Product,"{""name"": ""Pro Annual Plan""}"
Product,"{""name"": ""Standard Annual Plan""}"
Product,"{""name"": ""Lucidscale""}"
Product,"{""name"": ""Luma""}"
Product,"{""name"": ""Red Hat""}"
Product,"{""name"": ""Prisma Certified Cloud Security Engineer""}"
Product,"{""name"": ""Route 53""}"
Product,"{""name"": ""Carrefour""}"
Product,"{""name"": ""Story""}"
Product,"{""name"": ""GOLF&CO""}"
Product,"{""name"": ""PRO\u00b2""}"
Product,"{""name"": ""Pluralsight Skills""}"
Product,"{""name"": ""Palo Alto Networks Certification""}"
Product,"{""name"": ""Palo Alto Networks Accreditation""}"
Product,"{""name"": ""vault""}"
Product,"{""name"": ""terraform""}"
Product,"{""name"": ""boundary""}"
Product,"{""name"": ""consul""}"
Product,"{""name"": ""nomad""}"
Product,"{""name"": ""packer""}"
Product,"{""name"": ""waypoint""}"
Product,"{""name"": ""sentinel""}"
Product,"{""name"": ""terraform cloud""}"
Product,"{""name"": ""Gemini 2.5""}"
Product,"{""name"": ""Gemma 3""}"
Product,"{""name"": ""Cortex XDR Agent""}"
Product,"{""name"": ""Cortex""}"
Product,"{""name"": ""Prisma Cloud""}"
Vendor,"{""name"": ""terasky""}"
Vendor,"{""name"": ""dell""}"
Vendor,"{""name"": ""amazon""}"
Vendor,"{""name"": ""cellebrite""}"
Vendor,"{""name"": ""goteleport""}"
Vendor,"{""name"": ""prompt""}"
Vendor,"{""name"": ""exasol""}"
Vendor,"{""name"": ""broadcom""}"
Vendor,"{""name"": ""kodekloud""}"
Vendor,"{""name"": ""lucidchart""}"
Vendor,"{""name"": ""luma-mail""}"
Vendor,"{""name"": ""redhat""}"
Vendor,"{""name"": ""htzone""}"
Vendor,"{""name"": ""pluralsightskills""}"
Vendor,"{""name"": ""paloaltonetworks""}"
Vendor,"{""name"": ""hashicorp""}"
Vendor,"{""name"": ""google""}"
